team,rating,team_id,tier
Team Spirit,1578.63,7119388,1.0
PARIVISION,1559.36,9572001,1.0
BetBoom Team,1547.12,8255888,1.0
CyberBonch-1,1520.12,7412785,1.0
Cloud9,1497.49,8605863,1.0
Team Liquid,1493.65,2163,1.0
Aurora.1xBet,1455.86,9255706,1.0
VGJ Storm,1450.04,5228654,1.0
Team Falcons,1427.28,9247354,1.0
Team Tidebound,1420.27,9640842,1.5
Chimera Esports,1417.75,9634742,1.5
Geek Fam,1407.57,8169775,1.5
Gaimin Gladiators,1405.65,8599101,1.5
mudgolems,1403.61,8121295,1.5
TSM,1402.96,8260983,2.0
Team NP,1401.12,3214108,2.0
BB Team,1399.47,9131584,2.0
FLIPSTER TALON,1398.63,9766941,2.0
(monkey) Business,1389.0,2519319,2.0
Aurora Gaming,1388.75,9467224,2.0
VP.Prodigy,1381.67,7819701,2.0
Business Club,1380.6,9142866,2.0
Team Orca,1377.16,8571960,2.0
Invictus Gaming,1371.82,5,2.0
PSG.Quest,1366.22,8894818,2.0
NAVI Junior,1364.1,9017006,2.0
BigGooooood,1360.39,2101260,2.0
Darkside,1349.97,8721219,2.0
Tundra Esports,1346.75,8291895,2.0
Natus Vincere,1344.55,36,2.0
FlyToMoon,1342.56,6953913,2.0
Team SMG,1341.27,8244493,2.0
Luna Galaxy,1339.16,8597391,2.0
LV-Gaming,1338.35,1848158,2.0
Titan,1336.72,999689,2.0
Uzumaki,1332.15,9381131,3.0
Night Pulse,1330.65,9373270,3.0
tam_sme,1325.2,8761147,3.0
Evil Geniuses,1323.54,8255756,3.0
Newbee,1323.25,6214538,3.0
Nigma Galaxy,1321.41,7554697,3.0
Xtreme Gaming,1317.88,8261500,3.0
Winstrike,1317.83,5229127,3.0
w33ha earthspirit,1314.81,4251435,3.0
Mineski,1311.7,543897,3.0
Team Zero,1310.81,9080405,3.0
Thunder Predator,1310.12,6382242,3.0
TeamMalaysia,1306.77,1910985,3.0
beastcoast,1305.6,8254400,3.0
Apex Genesis,1301.4,9381678,3.0
Team Tickles,1299.72,9187066,3.0
 Thunder Awaken ///,1298.86,3922738,3.0
Neptune Gaming,1296.55,8204512,3.0
LGD Gaming,1293.71,15,3.0
Cyber Goose,1290.83,9798195,3.0
Hellbear Smashers,1290.79,8261818,3.0
Holy Grail,1290.56,9018710,3.0
TEAMERINO TINKERINO,1289.92,1820360,3.0
1w Team,1288.13,9255039,3.0
PVISION,1286.33,9824702,3.0
Chicken Fighters !,1284.91,7553952,3.0
Radical Online X-tremists,1284.02,293390,4.0
Chaos EC,1283.86,7203342,4.0
Speed Gaming International,1282.72,1047281,4.0
TeamWaska,1281.24,9248240,4.0
INK ICE,1280.05,8168562,4.0
CR4ZY,1278.99,7748744,4.0
Ooredoo Thunders,1276.33,8722443,4.0
$5JuNGz$,1273.19,2526472,4.0
Virtus.pro,1271.58,9729720,4.0
Azure Ray,1271.28,8574561,4.0
VGJ Thunder,1271.22,5027210,4.0
Faceless,1269.74,3326875,4.0
Blacklist Rivalry ,1269.62,8668460,4.0
Star Foxes ,1269.09,8962585,4.0
PuckChamp,1265.27,9594647,4.0
OG.Seed,1263.38,7555613,4.0
Virtus.pro,1262.99,1883502,4.0
Team Tough,1262.73,8980714,4.0
Among Us,1259.63,8119006,4.0
Positive Guys,1259.51,7405754,4.0
StoRm,1259.06,8944440,4.0
T1,1257.53,7424172,4.0
Team Nemesis,1255.24,9691969,4.0
Team VG.J,1254.42,3326126,4.0
Team Aster,1252.34,6209166,4.0
TNC Predator,1251.66,2108395,4.0
Team Onyx,1251.35,3722973,4.0
Invaders,1248.88,9283988,4.0
4am.小象,1248.78,8143502,4.0
Orange.Neolution Esports,1247.49,416900,4.0
Royal,1247.38,6382740,4.0
Team  KEV,1243.52,9389381,4.0
Quincy Crew,1243.51,7806386,4.0
CDEC.Y,1242.81,2635099,4.0
Galaxy Racer Esports,1242.74,8062847,4.0
Geek Fam,1241.98,3586078,4.0
HEROIC,1241.0,9303484,4.0
Team. Spirit,1240.18,2621843,4.0
Team Tea,1237.58,9466943,4.0
CREEPWAVE,1237.52,8261234,4.0
Gaozu,1237.4,9593895,4.0
Winstrike Team,1236.69,7118032,4.0
4 Friends + Chrillee,1235.91,41,4.0
ESTAR_BACKS,1234.51,9255238,4.0
nouns,1233.71,8728920,4.0
ViKin.gg,1232.86,6685591,4.0
Team Sexy,1232.35,8975678,4.0
Rock.Young,1230.49,4288603,4.0
The dudley boys,1230.32,9263388,4.0
Team 13,1229.06,9238717,4.0
Vega Squadron,1228.39,2006913,4.0
EHOME,1227.72,4,4.0
business associates,1226.73,7681441,4.0
LUCCINI GAM1NG,1226.01,1025734,4.0
NAM VEZET-MI IGRAEM,1223.67,1803996,4.0
AftershockGaming Int.,1223.17,1556884,4.0
ROR,1222.52,9201870,4.0
Lajons,1221.1,2006291,4.0
Sneaky Nyx Assassins,1220.94,1453020,4.0
Ragdoll,1220.6,8482814,4.0
Team Sphinx,1219.46,8750317,4.0
Shopify Rebellion,1219.23,39,4.0
Yellow Submarine,1218.51,8145157,4.0
G.star,1218.12,2780729,4.0
Talon,1217.27,8597976,4.0
Friends,1215.38,3332295,4.0
boths,1215.31,5167450,4.0
YOSHIMOTO.DETONATOR,1215.1,5466118,4.0
Old G,1214.88,8261648,4.0
Geek Fam,1213.12,4425527,4.0
New Esports,1211.54,8021940,4.0
Chadou Fint,1211.49,8282268,4.0
Infamous Uesports,1211.42,8514342,4.0
Scythe.SG-,1210.66,1283482,4.0
FnaticRaidCall,1210.3,38,4.0
Team Yandex,1209.68,9823272,4.0
Vici Gaming,1209.04,726228,4.0
the wings gaming,1208.81,1836806,4.0
TEAM TEAM,1208.64,6904594,4.0
Nvidia.ArrowGaming.AVF,1207.8,1277104,4.0
The Pango,1207.57,6298307,4.0
Cignal Ultra Warriors,1207.0,6951036,4.0
Aggressive 5,1205.68,2714312,4.0
TEAM BRASIL,1205.55,8086218,4.0
Osliki Gaming,1204.99,1087145,4.0
BLEED,1204.98,8214850,4.0
universitario,1204.14,9419759,4.0
Blacklist International,1203.45,9467430,4.0
Antarctic Penguins,1203.4,6209804,4.0
SG e-sports,1203.37,3580606,4.0
Horde,1202.21,3326680,4.0
Aggressive Mode,1202.08,7653600,4.0
Cow boys,1201.53,7959677,4.0
Scenario,1201.01,166,4.0
Outsiders From CN,1200.98,8936210,4.0
ITB.Shuffle,1200.93,8390848,4.0
4Fun,1199.2,8160726,4.0
DestroyItems,1199.04,8203841,4.0
Battle Zone-,1198.98,1773539,4.0
Star Foxes,1198.62,8962689,4.0
Wayfarers,1198.59,8310936,4.0
Chaos Esports Club,1197.71,6666989,4.0
SIGMA.int,1197.66,1079149,4.0
Team Freedom,1197.19,4372042,4.0
Team Orca,1196.94,5994455,4.0
Alliance,1196.73,111474,4.0
Planet Dog,1194.7,4593831,4.0
TEAM TURTLE,1194.65,9448501,4.0
Newbee,1194.2,1375614,4.0
North American Rejects,1194.1,1531850,4.0
AVULUS,1193.9,9498970,4.0
Dream time.,1193.07,1059824,4.0
cuteanimegirls,1192.55,8083854,4.0
Shazam~,1192.2,2640099,4.0
GrindSky Esports,1192.12,8597594,4.0
KEEN GAMING,1192.0,2626685,4.0
T.O.T,1191.6,1866993,4.0
iCCup Team,1190.93,134900,4.0
Virtus.pro2,1190.91,8747056,4.0
Newbee.mgb,1190.37,20,4.0
Gorilla,1190.35,8750069,4.0
Doggy Team,1189.71,1370482,4.0
Zero Latitude,1189.57,1271771,4.0
mudgolems,1188.68,8172168,4.0
For The Dream,1188.37,8075993,4.0
Wind and Rain,1187.79,5725202,4.0
Nethercore,1187.5,9692104,4.0
noMERCY,1187.31,8680612,4.0
Dwayne 'The John' Rockson,1186.81,1194815,4.0
Team AD FINEM,1186.71,2642171,4.0
Nethercore,1186.7,9691942,4.0
ReckoninG eSports ,1185.39,6391499,4.0
Bandanoone,1184.96,9547255,4.0
fire beavers,1184.55,8951348,4.0
TpaBoMaH,1184.16,8998465,4.0
Godlike E-Sports,1182.92,6019885,4.0
Pariente Gaming ,1182.59,4010914,4.0
Ninja Penguins,1181.78,9303076,4.0
Team Den,1181.44,9744229,4.0
-Ninjas-in-Pyjamas-,1181.13,2085365,4.0
Eagles GIGABYTE,1181.1,2780911,4.0
Jigglin,1181.01,9646485,4.0
Waska,1179.31,9545759,4.0
SG e-sports team,1179.1,3715574,4.0
LGD.Forever Young,1178.79,3331948,4.0
Newbee.Young,1178.07,1951061,4.0
MeeT YouR Mak3rS,1177.96,990533,4.0
Archon Dota,1177.54,2555665,4.0
B)ears,1177.53,3722485,4.0
Brame,1177.0,8112124,4.0
PANDA GAMING,1176.78,7121264,4.0
AllianceGG,1176.25,626763,4.0
FTD club a,1176.13,2552118,4.0
DUOBAO Young,1175.81,3317512,4.0
01 Esports,1174.05,8132093,4.0
Piggy Killer,1174.02,9017079,4.0
eEriness!,1173.86,2585896,4.0
LEGIO VICTRIX !,1173.76,2346476,4.0
Neets Uprising,1173.69,7731375,4.0
SuperStrongDinosaurs,1173.54,995682,4.0
Business club,1173.47,9279103,4.0
Natural 9,1173.22,3325212,4.0
Tapan Gaming,1172.89,8374752,4.0
LEVIATAN,1172.39,9337731,4.0
Passion UA,1172.21,9247798,4.0
Ωmega Gaming,1171.46,6849739,4.0
4Pirates,1171.24,9586122,4.0
Clown City,1171.13,8058269,4.0
Lotac,1171.06,6189996,4.0
tearlaments,1170.31,9699158,4.0
Yakult Brothers,1170.18,9351740,4.0
Fusion Esports,1170.05,9450071,4.0
Polarity Dota 2,1169.95,2789717,4.0
ITB.Shuffle,1168.94,9664724,4.0
Execration,1168.71,8254145,4.0
Vivo Keyd Stars,1168.35,1061269,4.0
"Team ""SEX""",1168.08,689412,4.0
BOOM Esports,1167.93,7732977,4.0
lowkees,1167.88,8456656,4.0
Easy Gaming,1167.84,8638867,4.0
Looking for Org,1167.6,9652147,4.0
Flying Penguins,1167.31,6491135,4.0
МГАФК,1167.08,8936568,4.0
Business Club,1166.63,9414800,4.0
FXOpen E-Sports,1166.34,498033,4.0
Generation of Miracles,1165.89,9175127,4.0
Unity Gaming,1165.88,8858106,4.0
vezzra,1165.8,8789578,4.0
Fire Dragoon,1165.76,2880140,4.0
Escape Velocity,1165.69,8089675,4.0
WG.Unity,1165.6,2659468,4.0
Pejuang Dota Badung,1164.82,6929895,4.0
Infinity,1164.8,9470838,4.0
Army Geniuses Mansion ,1164.39,8261554,4.0
ROG TiTans,1163.74,5067988,4.0
Arizona Iced Out Boys,1163.53,1286339,4.0
KEV,1163.47,9366499,4.0
OTHERS,1163.31,9629459,4.0
«444» Squad,1162.67,8634419,4.0
One More Game,1162.41,8022392,4.0
KIBA ARMS,1160.74,9586420,4.0
Escape Gaming,1160.23,2783913,4.0
GALKYNYSH,1160.02,7542619,4.0
Virtus.pro,1159.83,8724984,4.0
Athletico,1159.59,5895083,4.0
Prodota Gaming,1159.36,2552670,4.0
Gang Bang,1159.35,7344577,4.0
Fourzerozone,1159.19,6736502,4.0
Myth Avenue Gaming,1158.76,8944302,4.0
Neon Esports,1158.72,8360138,4.0
E.C.,1158.71,468458,4.0
Quantic|Gaming,1158.43,680683,4.0
Team Archon,1158.18,2244697,4.0
ForTheDream,1158.12,5000254,4.0
Signify,1157.71,5138280,4.0
Live to Win,1157.71,8161113,4.0
Bruv123,1157.39,9500213,4.0
TeamCoast,1157.23,1410456,4.0
Team Kukuys,1157.08,9545744,4.0
DestroyItems,1157.06,7937681,4.0
TEAM DOG,1156.94,8230491,4.0
Team VGJ,1156.43,3547682,4.0
Sinister 5,1156.35,8428953,4.0
Reality Rift,1156.34,7404529,4.0
0-900,1155.93,7355202,4.0
TNC Tigers,1155.9,5407259,4.0
Team Fantech,1155.88,6465690,4.0
123,1155.77,2512249,4.0
Saints ID,1155.13,6796511,4.0
Please dont gank my carry,1155.11,8697328,4.0
LaiGaming,1154.99,1848465,4.0
XPC International,1154.89,1256674,4.0
beastcoast,1154.85,7441136,4.0
Lowkey,1154.26,7359917,4.0
xxX,1154.14,4426165,4.0
M80,1153.74,9635124,4.0
V for Vendeta,1153.47,9677587,4.0
Star Foxes,1153.19,9005165,4.0
Team Singularity,1153.14,4186376,4.0
TEMPO,1152.9,7556672,4.0
Immortals,1152.87,5051649,4.0
Runa Team,1152.86,9758040,4.0
WarriorsGaming.Unity,1152.58,6306453,4.0
BOOM ID,1152.17,3785359,4.0
Business Club,1151.58,9142627,4.0
paiN Gaming,1151.32,67,4.0
Avengers,1151.11,7586931,4.0
Emit Lortnoc Boss,1150.89,3259983,4.0
AcatSuki,1150.87,9148266,4.0
WildDeer,1150.54,8563718,4.0
Legacy,1150.4,9499095,4.0
Cyber Legacy,1150.31,7669103,4.0
Geek Fam,1150.23,9346249,4.0
Los moticucos,1150.15,9079676,4.0
Plae8 Neon,1149.85,6187657,4.0
Corgi in a Team,1149.82,2787008,4.0
G4,1149.63,3706823,4.0
SPNV Inspire return,1149.34,1556150,4.0
Clcombat Team,1149.31,7716206,4.0
Immortals,1148.99,5040783,4.0
Team Secret,1148.69,1838315,4.0
Infamous Young,1148.66,5992560,4.0
FelMysT,1148.26,1236083,4.0
Forest,1148.19,8168302,4.0
Tech Free Gaming,1148.13,9716354,4.0
Anime Enjoyers,1147.77,8790102,4.0
Moneymakers,1147.71,8598633,4.0
Hans Pro Gaming,1147.55,6876721,4.0
Team WANKA,1147.51,8589016,4.0
Aware.Gaming,1147.43,1371515,4.0
KUKUYS 2.0,1146.05,9546437,4.0
Moodeng Warriors,1145.88,9678064,4.0
Among Us,1145.66,8151879,4.0
Fighting Pepegas,1145.45,7391166,4.0
V-Gaming,1145.38,8261774,4.0
aSpera ESports,1145.18,1513164,4.0
Eye Gaming,1144.92,9476778,4.0
Team OvP.,1144.84,2384932,4.0
Acatsuki,1144.73,9298291,4.0
Ninjas in Pyjamas,1144.34,6214973,4.0
ASAKURA,1143.49,9216247,4.0
Revenge Gaming,1143.47,7101255,4.0
mind takers,1143.39,8970358,4.0
Natus Vincere US,1143.0,1642908,4.0
New Guys,1142.99,534136,4.0
HellRaisers,1142.55,1846548,4.0
LaDottA's Stacks,1142.27,2101368,4.0
Legacy,1142.26,9254358,4.0
shelbywalk,1142.25,8721917,4.0
4AM,1142.23,8131438,4.0
Come down,1142.22,8193609,4.0
Wawitas sagazes,1142.0,9256222,4.0
barsa,1141.46,8621525,4.0
Team Thailand,1141.44,8193681,4.0
G Guard Esports,1141.25,2224197,4.0
R a v e,1141.17,1366458,4.0
_PowerRangers,1140.79,55,4.0
rush b!,1140.5,8375459,4.0
Twisted Minds,1140.49,9368468,4.0
Ancient Tribe2,1140.45,8856125,4.0
NoMuerta,1139.99,9224799,4.0
egoboys,1139.58,8062738,4.0
Infinity,1139.09,8375259,4.0
Room310,1139.05,6615678,4.0
Titan,1138.94,9593627,4.0
DeathBringer Gaming,1138.88,5194336,4.0
Life.,1138.83,485526,4.0
Kanaya,1138.54,2390951,4.0
Aster.Aries,1138.18,7453020,4.0
Furia Jovem,1138.05,8496030,4.0
Рыцари Hiden pool'а,1138.0,5155538,4.0
Artyk Dota,1137.93,2395241,4.0
FAMILY TEAM,1137.83,7930695,4.0
Σ(っ°Д°;)っ,1137.7,3349045,4.0
NoLogic Gaming,1137.66,3851150,4.0
STUDIO21,1137.65,8893633,4.0
Zenith,1137.53,2,4.0
Newbee.M,1136.89,5084724,4.0
TODOPORELPOD,1136.68,2349091,4.0
MT Gaming,1136.56,6908054,4.0
EStolis Team,1136.45,6925812,4.0
9Pandas,1136.27,7422789,4.0
TAYO LOVERS,1136.12,6269097,4.0
OG,1135.99,2586976,4.0
Potm Bottom,1135.93,53,4.0
IO Dota2,1135.58,7681903,4.0
Lava BestPc,1134.71,8581305,4.0
Aggressive Mode.,1134.57,7641673,4.0
     ,1134.47,3018001,4.0
Adroit,1133.88,7098928,4.0
Team Russia,1133.86,5270154,4.0
Coloss,1133.78,5011202,4.0
FTD.C.Club,1133.69,8168546,4.0
MOUZ,1133.68,9338413,4.0
Team Darleng,1133.67,9373877,4.0
RaveDota,1133.42,3327985,4.0
Imba Gaming Vietnam,1133.33,1679554,4.0
Zero Tenacity,1133.26,9600141,4.0
Se7en Esports,1133.22,6265062,4.0
15 añitoz,1132.93,4147900,4.0
Ramzes team,1132.33,9791362,4.0
Golden Legacy ,1132.24,8133097,4.0
Burden United,1132.14,2197847,4.0
Orange E-Sports,1131.78,42,4.0
MalaWarrior,1131.65,6355223,4.0
SADBOYS.2,1131.57,8300363,4.0
Danish Bears,1131.39,464103,4.0
Adió Chula,1131.25,8063508,4.0
NoTricks,1131.0,3747558,4.0
Sacred Monarch Cult,1130.9,7156567,4.0
DeathWish,1130.88,7751001,4.0
REKONIX,1130.19,9828897,4.0
Студените,1129.78,9572357,4.0
Room310,1129.64,6926667,4.0
ThePrime,1129.61,3262512,4.0
férias com ex,1129.42,8351318,4.0
CYBERIUM.S,1129.23,8021531,4.0
draingang,1129.1,8152371,4.0
Rakuzan,1129.01,9505239,4.0
infinite tsukuyomi,1128.94,7574786,4.0
DARLENG,1128.69,9309009,4.0
Power of MYSG+AU,1128.64,7119284,4.0
Team Singularity,1128.48,6711290,4.0
Fighting PandaS,1128.44,7483893,4.0
BINUS University,1127.82,8252662,4.0
Orginality,1127.76,5209335,4.0
Rakuzan,1127.39,9609099,4.0
SS DARVIN LOPERS,1127.37,6822187,4.0
Team Drinking,1127.33,7300685,4.0
Willow.Gaming,1127.17,6644139,4.0
Yolo Knight,1127.04,7822261,4.0
Greedy Goblins,1126.73,4958284,4.0
Nikcastrum,1126.72,6382770,4.0
Bammysoy,1126.71,9256136,4.0
Manaburn,1126.54,7543171,4.0
Motivate. Viper Gaming,1126.49,8375466,4.0
The last dark,1125.96,9079901,4.0
DemiGods,1125.88,9229377,4.0
King Arthur & 4 Knights,1125.77,2850822,4.0
FLYING FORTUNE,1125.71,8850016,4.0
tatladderclan,1125.53,8927141,4.0
Sporkface Killaz Div2,1125.31,9330146,4.0
Butterfly Effec,1125.27,6953026,4.0
Dragon Esports Club,1124.87,9403748,4.0
Team HighGround,1124.8,3260216,4.0
Hyper Glory Team,1124.5,484909,4.0
Black Knight,1124.37,7443956,4.0
Elite Eclipse,1124.21,9481730,4.0
Lion Lover,1124.12,9216658,4.0
Khan esports,1124.04,8496219,4.0
Play for Fun,1124.04,9554242,4.0
Teletubbies,1123.91,8597509,4.0
Zorka,1123.87,8701706,4.0
Estar Backs!,1123.87,9381358,4.0
Stay - Free,1123.81,883783,4.0
Team Anvorgesa,1123.68,7137328,4.0
Park Bo Cuan,1123.41,7472412,4.0
Happy  Feet,1123.25,3725701,4.0
Old But Gold,1123.22,8975618,4.0
INFINITY,1123.21,8927441,4.0
Rex Regum Qeon,1122.61,5231224,4.0
Team Oracle.YOUTH,1122.42,7498762,4.0
YodiBrodi Nexus Future,1122.4,9247260,4.0
Flip.Sid3 Tactics NA,1122.23,1616631,4.0
R A V E N,1122.11,1288401,4.0
Elysium!,1122.08,1736743,4.0
Me Parb,1121.99,9352756,4.0
nouns,1121.97,9790570,4.0
Vici Gaming Potential,1121.96,2833354,4.0
Hokori,1121.71,7119077,4.0
LINCENCIADOS,1121.5,2257957,4.0
L1GA TEAM,1121.47,9303383,4.0
Team Arava,1121.16,9176102,4.0
KanayaGaming,1121.13,2799801,4.0
BOSS ANDRE,1121.07,7391558,4.0
Inter Active Philippines,1120.76,1648005,4.0
Indonesia,1120.52,8936382,4.0
Business Club,1120.35,9175367,4.0
捕畜小分队,1120.28,9824806,4.0
Osh-Tekk Warriors,1119.81,8556648,4.0
Leetss Do It,1119.71,2136210,4.0
Wildcard,1119.7,8606828,4.0
Bikini Bottom,1119.64,9717281,4.0
IVY,1119.59,8318683,4.0
Guardian Gaming,1119.57,6658560,4.0
内蒙古的星空,1119.35,9277978,4.0
MAG.ID,1119.23,9187132,4.0
TEAM TEAM,1119.19,8495691,4.0
TEAM SIDERAL,1119.08,7893914,4.0
ThePrimeSIAPA?!,1119.08,688388,4.0
UZUMAKI,1118.82,9476852,4.0
kastuDon,1117.95,8406333,4.0
Kinkalow,1117.93,8638425,4.0
mouz,1117.65,161707,4.0
FrozenDawn Club,1117.59,7218194,4.0
Proxima E-Sports,1117.54,1949879,4.0
KappaGam!ng,1117.45,1929695,4.0
Dark Sided,1117.4,6904952,4.0
felt,1117.2,8261882,4.0
TELL WHY_ANIME?,1116.3,2275267,4.0
Apex Reborn,1116.03,9238262,4.0
Demon Esport,1116.02,7454504,4.0
сияющие ,1116.0,9697891,4.0
Elite Eclipse,1115.94,9563873,4.0
ROOT-gaming.com,1115.78,1718551,4.0
Infamous Astra,1115.13,9103873,4.0
Balrogs Academy™,1115.05,8856078,4.0
Into The Breach,1114.85,8384158,4.0
bmstu,1114.82,7528264,4.0
Paladin,1114.79,7801839,4.0
Avant Garde Gaming,1114.56,805172,4.0
Egoboys,1114.55,8048279,4.0
Galkynysh,1114.32,5946837,4.0
North Macedonia,1114.07,9162109,4.0
M11 SLAYERS,1114.05,6951684,4.0
Atomic Esports,1114.02,8741331,4.0
Void Boys,1113.94,1884355,4.0
ValenTiny,1113.92,9460640,4.0
Los Magikarps,1113.85,3008699,4.0
Backstab Boys,1113.84,8039920,4.0
"Team ""ENEMY""",1113.58,6350308,4.0
Crayon Shin-chan,1113.55,8756744,4.0
Dominion,1113.54,9467024,4.0
[Flip.Sid3 Tactics],1113.47,2019384,4.0
Yangon Galacticos,1113.17,7653080,4.0
52turbo,1112.73,9477537,4.0
AQuaMan,1112.65,6685947,4.0
Wildcard,1112.46,9651185,4.0
Midas Club,1112.34,7913999,4.0
Team Empire Hope,1112.06,6409189,4.0
Omegalil,1112.01,8077147,4.0
DoTa GoD SLaYeRs,1111.97,733290,4.0
BG,1111.87,5219214,4.0
eu vou estudo,1111.66,7958190,4.0
Team Thailand,1111.52,8936402,4.0
Sterling Global Dragons,1111.44,5896332,4.0
Winstrike Team,1111.21,6212920,4.0
Team Sphinxx,1111.14,8741737,4.0
FANTASTIC ,1111.04,6685839,4.0
Block Roar Esports,1111.0,8980561,4.0
Castawake ,1110.65,9547653,4.0
SHAOLIN,1110.47,8961813,4.0
Team SatuDuaTiga,1110.44,2413439,4.0
NoMarci,1110.34,8575071,4.0
Panda Gaming,1109.99,7612347,4.0
Virus Nirvana,1109.9,2676492,4.0
MVP Phoenix,1109.51,1148284,4.0
Team DOGE,1109.5,6411545,4.0
Washed Up,1109.4,4542817,4.0
top1sng,1109.31,7153614,4.0
DALANJING GAMING,1109.27,8262059,4.0
Mamas-Boys,1109.13,2276247,4.0
Fox Gaming Youth,1109.12,4009019,4.0
DMS,1108.97,9449748,4.0
Team Hellas,1108.88,5269247,4.0
Chompers X,1108.86,9323850,4.0
Kylin Esports Club,1108.81,8124688,4.0
miaww^^,1108.79,7894580,4.0
Admiral Dota,1108.31,5207190,4.0
Ivory,1108.28,9545782,4.0
Team Sin Compromiso,1108.28,9797234,4.0
STARFAll,1108.23,9011262,4.0
KSY,1107.85,5992206,4.0
TheRerereTRY,1107.8,433549,4.0
Unchained Esports,1107.72,5242529,4.0
We Got Late Game,1107.68,1994818,4.0
CR4ZY,1107.34,9472684,4.0
skem&friends,1107.29,9499428,4.0
Celestials,1107.15,8546012,4.0
Prodigy of God,1106.99,9563849,4.0
Immunity Dota,1106.96,1464407,4.0
Infamous Gaming,1106.92,8118197,4.0
Taw Gang,1106.91,8726159,4.0
escape,1106.85,7542075,4.0
Outcast,1106.53,9395449,4.0
Roselia,1106.5,9736257,4.0
Team Quetzal,1106.48,4010559,4.0
No Fucking Name,1106.31,7284811,4.0
Revenge-,1106.2,367492,4.0
PODKONÍ A KRÁVA,1106.2,3968479,4.0
Deboosters,1106.18,8726547,4.0
Team Caspium,1106.1,8070452,4.0
4 Zoomers,1106.01,7819028,4.0
Balkan Bears Corleone,1105.85,1589592,4.0
Holy Masters,1105.73,7599541,4.0
CZC.eSuba,1105.72,7851888,4.0
Vanguard 36,1105.71,8713367,4.0
VGJ Storm,1105.7,5028104,4.0
jakiro,1105.69,7554277,4.0
QuestionMark,1105.65,7794384,4.0
Hurricane Festival,1105.62,672504,4.0
Team Underminer,1105.58,992400,4.0
KAMI TAMPAN SEKALI,1105.56,6492310,4.0
LUNA GAMING,1105.46,8732747,4.0
Team Invictus,1105.32,9759380,4.0
Whoops!,1105.19,7316976,4.0
Team Phoenix Rising,1105.0,1325243,4.0
Minas Club,1104.94,5148271,4.0
Ninja Bros,1104.91,9332059,4.0
Team Random,1104.86,4253054,4.0
Aging Rapu,1104.8,6761014,4.0
ICMIT-1,1104.78,8502728,4.0
Summit Gaming,1104.77,8597183,4.0
Team ScorpioN,1104.68,8680140,4.0
TRocket,1104.51,8944766,4.0
Ravens,1104.34,8686786,4.0
HF,1103.84,8360860,4.0
BBUBU+4,1103.83,1115421,4.0
New Beginning,1103.63,5076975,4.0
ThunderCoast,1103.6,8574375,4.0
Gofigure,1103.47,992217,4.0
Kaban,1103.44,6713506,4.0
Beyte Tombu,1103.37,2684597,4.0
cyxariki,1103.1,8741219,4.0
Ghost Sheep,1103.02,9492695,4.0
Celestial eSports,1103.0,1064548,4.0
Team Saiyan,1102.5,7407260,4.0
Veteran,1102.34,4259604,4.0
Malaya Dubna,1102.28,2355689,4.0
team brasil,1102.27,8575072,4.0
Execration,1102.05,7408845,4.0
Selemene,1102.05,8406632,4.0
Double Dimension,1101.82,4592777,4.0
Flash Point Gaming,1101.77,7204148,4.0
Effect,1101.77,5197722,4.0
Ghost Sheep,1101.68,8831040,4.0
beastcoast,1101.53,7079109,4.0
Exdee Dota 2,1101.52,4221905,4.0
N1ghtmares,1101.3,8113533,4.0
NINFAW,1101.28,8746180,4.0
Kaipi,1101.25,59,4.0
МГАФК,1101.15,8620778,4.0
Laos,1101.12,8936387,4.0
Team Bhedos ,1100.96,8750143,4.0
Luminous.Dota 2,1100.84,2099608,4.0
@__@,1100.8,2686375,4.0
Leopard Gaming,1100.79,7716098,4.0
MVP.Revolution,1100.67,3718685,4.0
NoLifer5,1100.66,6435075,4.0
ColourfulRainbows,1100.58,1521260,4.0
Philippines,1100.56,8936418,4.0
Arassa Deniz,1100.27,7655250,4.0
羊村,1100.21,1665758,4.0
Overlord,1100.15,8820860,4.0
OG.LATAM,1100.13,9780800,4.0
Team Freedom Dota 2,1100.08,2701329,4.0
Estar Backs,1100.0,9678463,4.0
Yellow Submarine,1099.9,9651814,4.0
TEAM EVER,1099.89,4287101,4.0
Team Sexy,1099.72,8969481,4.0
Eye Gaming,1099.69,9564441,4.0
Team.PhoeniX,1099.53,6187452,4.0
You Rock,1099.53,6767698,4.0
Team Sincere,1099.52,7282863,4.0
Intelligence Quotient xD,1099.4,2679744,4.0
cybercats,1099.33,8545488,4.0
sQreen's squad v2.0,1099.02,1175580,4.0
Team Kinguin,1098.98,5039050,4.0
LAST DANCE,1098.93,8848272,4.0
Thunder Predator,1098.89,7300262,4.0
Team Strawberry,1098.76,7485273,4.0
Business Club,1098.74,8979725,4.0
FLUX,1098.55,8732391,4.0
Good Game No Remorse,1098.28,8263697,4.0
gazovatorbl,1098.02,9664371,4.0
Optimus Amicus,1097.93,6849080,4.0
Sacred,1097.84,5028043,4.0
Demon Slayers,1097.82,7469922,4.0
4ayniy Zavar,1097.79,6211921,4.0
TEAM UKRAINE,1097.79,6594251,4.0
xant!c,1097.75,2127330,4.0
Positive Vibes,1097.69,8829652,4.0
Team Serenity,1097.59,5066616,4.0
Flower Gaming,1097.44,6795631,4.0
Search you Smolensk,1097.17,8068278,4.0
Club Deportivo Municipal eSports,1097.17,5682494,4.0
Chimera,1097.16,9303964,4.0
Apollo,1097.15,7566229,4.0
BlackHole,1097.09,6380237,4.0
Unity Gaming,1096.9,9011260,4.0
Eye Gaming,1096.79,9710583,4.0
Oshi hi teo Gaming,1096.69,7777322,4.0
RaccoonGaming,1096.68,8475822,4.0
Note,1096.63,2308619,4.0
Team TikTok,1096.57,8261242,4.0
AG-NoLimitz,1096.55,1592768,4.0
The OutStanding,1096.42,8736159,4.0
Gantz,1096.41,9346059,4.0
drop,1096.4,7019918,4.0
Team Odd,1096.24,6763958,4.0
Old but Gold,1096.17,6711721,4.0
Super Trash Brothers,1096.17,2191966,4.0
slojniy memas,1096.09,5528506,4.0
KVP,1095.74,7913710,4.0
Tentakel-Esport,1095.73,6568394,4.0
SibFamily,1095.7,8407921,4.0
TMNTDOTA2,1095.53,977635,4.0
J.Storm,1095.39,7409177,4.0
Continuum Esports Blue,1095.38,9324046,4.0
Galkynysh Esports,1095.3,8335089,4.0
NoLifer5,1095.07,9678512,4.0
Infinite War,1095.05,8300691,4.0
Lithium,1095.01,5766651,4.0
Eternal,1094.91,1218336,4.0
Entity Gaming,1094.83,4369633,4.0
Sua Empresa Aqui,1094.82,1827850,4.0
Business Club,1094.78,9449669,4.0
Yonko,1094.76,9120269,4.0
saykalitatsh,1094.66,9055339,4.0
Edge,1094.65,9741253,4.0
MOTIVADE.TRUST GAMING,1094.52,7667536,4.0
The Mad Ronin,1094.48,9360373,4.0
TLC GAMING,1094.44,2429870,4.0
Team FanTuan,1094.42,2535378,4.0
forZe eSports,1094.37,7640557,4.0
Teiko,1094.3,9330573,4.0
ReRise,1094.14,6546834,4.0
FuKCing Noobs,1094.13,1852655,4.0
LOUVRE ESPORTS,1094.08,6666979,4.0
Megalodon Gaming.,1093.96,862976,4.0
GodGenesis,1093.75,2833068,4.0
Prodigy Of God,1093.71,9209880,4.0
Shinigami Gaming,1093.69,9768472,4.0
---uioyuiruy,1093.69,2585648,4.0
Remittance,1093.62,9460652,4.0
Salty ,1093.58,8403929,4.0
team_ftd_a,1093.46,2860081,4.0
Nigeria,1093.46,9409263,4.0
.Skynet.,1093.35,2154552,4.0
ELFinger Esports,1093.23,6382750,4.0
London Conspiracy Dota2,1093.09,1966890,4.0
Team Young,1093.08,8719071,4.0
2Be.Dota2,1093.03,7136618,4.0
黑豚,1092.96,8598475,4.0
Star Foxes,1092.78,8962567,4.0
#section80.,1092.77,2024718,4.0
MAG Indonesia,1092.72,9264152,4.0
Lilgun,1092.54,8937275,4.0
Alliance Indonesia,1092.39,2348036,4.0
Yellow Submarine,1092.33,2576071,4.0
esc,1092.22,9017436,4.0
Poland,1092.21,8830022,4.0
Thunder Predator,1092.19,5327206,4.0
DevilTear,1092.08,8022502,4.0
INFINITY,1092.07,8927440,4.0
TEAM D,1092.05,8413838,4.0
DK,1091.93,7,4.0
Into The Breach,1091.92,8070280,4.0
UrsaStroitHramm,1091.86,460316,4.0
Vzpoura Goliardu ,1091.65,5326172,4.0
No Strategy,1091.62,3328127,4.0
CoreNexGen,1091.62,2488123,4.0
Team Solid,1091.53,6330119,4.0
Brain DDOSed,1091.44,3098628,4.0
Moscow Five International,1091.43,1990162,4.0
Tigers,1091.25,6187626,4.0
Insidious Gaming Int,1091.24,570152,4.0
Thunder Awaken PE,1091.2,2349149,4.0
Symmetric,1091.19,8049087,4.0
Sanguine Sharks,1091.14,2850016,4.0
MEKA.Tt eSPORT,1091.13,454891,4.0
哈哈先生,1090.96,9776488,4.0
Apex,1090.89,8655598,4.0
Сascade Esports,1090.88,8215803,4.0
S A D B O Y S . A U,1090.85,7358634,4.0
Avernus.ir,1090.76,1730778,4.0
Team Domino,1090.74,8701944,4.0
Tisumejik Esport,1090.69,7237001,4.0
Brodie,1090.63,8811024,4.0
PG.Barracx,1090.63,3265632,4.0
FlawlessFurionFarmers,1090.6,873585,4.0
BalkanBearsRo,1090.33,1936852,4.0
e-Club[MUFC],1090.33,119,4.0
Ancient Tribe,1090.21,8687717,4.0
CyberLife eSports,1090.2,8309784,4.0
The GD B-Team,1090.18,94252,4.0
DerzhaWIN,1090.18,9042172,4.0
WipeouT,1090.0,5012612,4.0
Old G,1089.94,8944337,4.0
Diego y sus Amigos,1089.89,1513643,4.0
The Infinity Gauntlet,1089.83,8336220,4.0
Team ICE`,1089.75,2120771,4.0
Team.Serenity,1089.72,5021898,4.0
Uvajenie.Hope,1089.57,6928546,4.0
Team Myanmar,1089.52,8193371,4.0
Dread eSports,1089.45,6211207,4.0
TEAM STAR,1089.41,8151502,4.0
Pusing Gaming,1089.31,7204995,4.0
01 Esports,1089.28,8556552,4.0
BITCHBUILD,1089.09,6324964,4.0
Madefake Esports,1089.02,5638182,4.0
Level UP,1088.86,8359797,4.0
2Be.Dota2,1088.85,5031582,4.0
Eye Gaming,1088.78,9718665,4.0
you were my everything.,1088.45,3259967,4.0
VDuobao,1088.28,2208748,4.0
KZ TEAM,1088.26,7300277,4.0
_---_,1088.23,1775760,4.0
Yakovlev eSports,1087.86,7425071,4.0
Team Kazakhstan,1087.82,8195590,4.0
Dragon Slayerzzz,1087.81,2837183,4.0
Universitario  eSports 1,1087.75,9062430,4.0
AVØID,1087.72,8462963,4.0
TEAM FREEDOM ESPORT,1087.72,9156114,4.0
Last Kings,1087.65,2715044,4.0
F.R.I.E.N.D.S,1087.35,7683797,4.0
Sudor Esports,1087.31,8144630,4.0
surprise waka waka,1087.27,1491448,4.0
Looking for sponsors,1087.21,7315013,4.0
Elite Eclipse,1087.19,9505264,4.0
HYDRA,1087.17,8588969,4.0
LetMeAimyOu,1087.17,6206875,4.0
BIG LIONS,1086.99,6214701,4.0
FataL.RaGe.(not)PrO,1086.98,818303,4.0
CR,1086.95,7849151,4.0
2late,1086.95,9136712,4.0
DTT GAMING,1086.91,3329893,4.0
Denial Esports|,1086.9,1829282,4.0
Sensei gaming.mtrx,1086.76,560622,4.0
OtherWise,1086.51,62266,4.0
WW TEAM,1086.43,9572608,4.0
LieYing Team,1086.39,7451388,4.0
Place Holder,1086.38,4149284,4.0
Studenite,1086.31,9677613,4.0
Keen Gaming,1086.16,5029074,4.0
zxc and pause,1085.99,8300351,4.0
Slot Seekers,1085.93,8599217,4.0
Extraordinary-Team,1085.92,2052902,4.0
We must move forward,1085.87,8118868,4.0
Fatal Error,1085.81,5260723,4.0
Royale 5,1085.72,8359478,4.0
Sporkface Killaz,1085.7,5208684,4.0
Dark Reef,1085.64,9487554,4.0
Pull Up,1085.56,8944282,4.0
Revive,1085.56,7422393,4.0
Team EVOS,1085.54,3262331,4.0
Looking for org,1085.16,9224769,4.0
ABEROMON RAFT,1085.15,8022932,4.0
ReRise,1085.07,7009107,4.0
Cloud 9,1085.05,2533075,4.0
Wanderlust,1085.04,9181465,4.0
Tamo ai na strada,1085.02,2447566,4.0
Microsoft Corporation,1084.91,2337461,4.0
Assail,1084.63,1287653,4.0
Rakuzan,1084.61,8793513,4.0
Team Buriza,1084.5,3927252,4.0
Clutch Gamers,1084.44,5126720,4.0
Duza Gaming.,1084.39,1748111,4.0
New Beginning,1084.33,3931472,4.0
Apple City Gang,1084.18,9671463,4.0
Cede.Nullis,1084.17,784775,4.0
Rakuzan,1084.05,9104106,4.0
Roshan Gaming,1083.99,8191931,4.0
OAPB,1083.99,8032335,4.0
歼星炮,1083.88,9277872,4.0
Elements Pro Gaming,1083.8,2537636,4.0
GHOST WALK,1083.79,7439020,4.0
Mind Games,1083.6,8937383,4.0
is GG,1083.59,3931002,4.0
HAVU Gaming,1083.57,8091161,4.0
Jungles King,1083.53,1422987,4.0
SK-_-'iter (evil)!,1083.47,3704482,4.0
Langlei,1083.45,8964296,4.0
CDEC.Avenger,1083.38,2643401,4.0
LGD-GAMING.int,1083.35,77666,4.0
FireDota,1083.35,2059672,4.0
MR,1083.3,7554685,4.0
Lilgun,1083.28,8944582,4.0
Team Oracle,1083.24,6980042,4.0
Ares Gaming,1083.15,8056851,4.0
Anonymous Esports,1083.01,8668524,4.0
Team Bocil,1083.0,9360657,4.0
Team Having fun,1082.99,7666342,4.0
MarciusTeam,1082.91,7170428,4.0
Kiba Arms,1082.89,8526121,4.0
BINOMIX,1082.84,8538452,4.0
Outcast,1082.82,9449931,4.0
Puppet Masters,1082.79,9006059,4.0
X5,1082.77,8533044,4.0
CREEPWAVE,1082.76,8496605,4.0
DALANJING GAMING,1082.74,8230622,4.0
OGOROD,1082.62,7850349,4.0
team void ,1082.6,8168204,4.0
Hardcore Ninja,1082.59,8526136,4.0
Shinigami Gaming,1082.55,9684245,4.0
AncientWarriorsGaming,1082.39,813776,4.0
Cloud9,1082.34,7668567,4.0
Sable Hat,1082.29,8261152,4.0
DGG,1082.26,8655309,4.0
Focus Arena Junior,1082.19,7468885,4.0
Acatsuki,1082.09,9292719,4.0
ForTheDream,1082.04,6465093,4.0
PentAce,1082.04,8336498,4.0
MOD ESPORTS,1081.95,6266246,4.0
Titan,1081.94,9302709,4.0
DISrespect,1081.89,8604313,4.0
Purple Paradox,1081.89,8800176,4.0
Elements Pro Gaming,1081.88,5767350,4.0
Nethercore,1081.86,9759368,4.0
Quantic.Young,1081.86,2242024,4.0
x5 Gaming,1081.69,9143553,4.0
Deep Ravage,1081.69,8790759,4.0
OTHERS ,1081.63,8799593,4.0
fourzerozone,1081.5,6685660,4.0
Шишки,1081.33,8540562,4.0
Zero,1081.3,8118436,4.0
Evil Angels ,1081.24,9530572,4.0
Pavaga Junior,1081.23,6462854,4.0
Main Sabun,1081.14,6569799,4.0
CHOPAN ESPORTS,1081.13,9664424,4.0
Jinx_Pro_Amanda,1081.1,7391517,4.0
Rabbits of Revenge,1081.05,9223943,4.0
O1d Boys,1080.92,2224698,4.0
ua rejects,1080.88,9132053,4.0
Alter Ego,1080.83,5124585,4.0
EPHEMERAL TEAM,1080.74,5165603,4.0
HardBass Team,1080.64,9462373,4.0
Я НЕ ЧСВ,1080.56,6046775,4.0
Блювулька РАДЖ,1080.56,8392558,4.0
TheMelDota2,1080.48,7375887,4.0
Pacific Esports,1080.4,6846412,4.0
UD VESSUWAN,1080.4,8168128,4.0
Majapahit Esports,1080.39,2783809,4.0
UNKNOWN #####,1080.32,2350559,4.0
Smoking Parrot,1080.3,3783697,4.0
Looney Tunes,1080.14,8691685,4.0
Monkey2,1079.93,7937261,4.0
Just-_-Error,1079.75,8195614,4.0
COCK SUCKER,1079.75,2025160,4.0
Reality Rift,1079.74,7171886,4.0
leman fanboys,1079.64,9142293,4.0
Team Sincere,1079.61,6634461,4.0
Team No Name [iR],1079.53,1856604,4.0
Dark Horse,1079.46,9247046,4.0
Jayce N.G,1079.19,2199564,4.0
.Excelleration.,1079.14,2447863,4.0
G1 Esports,1079.07,2748441,4.0
Sneake,1079.04,8690662,4.0
arteezy rusky,1079.04,7698094,4.0
Let's go,1078.96,8690641,4.0
Sunder,1078.89,6878177,4.0
QUAXIMA,1078.77,5002054,4.0
Extremist,1078.77,7565483,4.0
VirtusPro,1078.75,7390051,4.0
Five Brothers,1078.63,7217549,4.0
Hard Warriors,1078.61,2257636,4.0
Crossfire,1078.57,7731406,4.0
Samorezi,1078.51,7437621,4.0
AsghaR,1078.46,6354010,4.0
Ryoiki Tenkai,1078.45,8937283,4.0
Tequila,1078.38,8320390,4.0
WelcomeToWb,1078.32,9736318,4.0
Lorem Ipsum,1078.19,4763262,4.0
friends,1078.17,2970103,4.0
Philippines,1078.0,9130807,4.0
perrito panzon,1077.87,9729894,4.0
Virgo,1077.85,9080367,4.0
Philippines,1077.77,8598451,4.0
AU REJECTS,1077.71,9034090,4.0
Team PLEASE,1077.69,7043925,4.0
Blacer Flex,1077.64,6796857,4.0
Team Essence,1077.56,9499402,4.0
ggngg,1077.55,6953151,4.0
Kompas Gaming,1077.41,1248512,4.0
SFT-esports,1077.35,5002496,4.0
Heart Six,1077.28,8342903,4.0
ledarnes,1077.22,9231877,4.0
GUYS,1077.18,7056890,4.0
Green Shoots Gaming,1076.95,1426649,4.0
пипяо,1076.94,9143209,4.0
Rakuzan,1076.84,9104067,4.0
Ghost Sheep,1076.68,9636142,4.0
Team Xcuse,1076.59,9455945,4.0
TEIKO,1076.54,9628984,4.0
Chokky+4,1076.46,8597116,4.0
Team Nepal,1076.4,9504786,4.0
G,1076.35,8804035,4.0
LeftOneTV,1076.31,5006832,4.0
Capy Baras,1076.29,9725087,4.0
PO5EiDON,1076.21,953172,4.0
Sbwen,1076.17,1455535,4.0
jfshfh178,1076.16,7441226,4.0
5men,1076.14,8077174,4.0
EternaLEnVy's disciples,1075.99,867556,4.0
